ุงูุชุงุฑูุฎ,ุงูุนููุงู,ุงููุต,ุงููุงุดุชุงุบุงุช,CTA (ุฏุนูุฉ ููุฅุฌุฑุงุก),ุงูููุน,ุงูููุตุงุช
2025-05-01,ูุฑูุจูุง... ุซูุฑุฉ ุงูุนูุงูุฉ ุจุงูุฑุฌู ุชุจุฏุฃ ูู ุจุฑููู ๐ค๐ฉ๐ช,ุงุณุชุนุฏ... ูุญู ูุนูุฏ ุชุนุฑูู ุงูุนูุงูุฉ ุจุงูุฑุฌู. ุชุงุจุนูุง ููู ุฌุฒุกูุง ูู ุงูุซูุฑุฉ!,#ูุงูุฑูุชูููู #ุงูุนูุงูุฉ_ุจุงูุฑุฌู #ุจุฑููู #ุงููุญูุฉ #ููุชุฌุงุช_ุฑุฌุงููุฉ,ุณุฌูู ุงูุขู ุนุจุฑ: https://hairoticmen.de/mission,ุตูุฑุฉ / ููุฏูู / Reels,"Instagram, Facebook, TikTok"
2025-05-03,ุณุฌูู ุงูุขู ููู ุฃูู ูู ูุญุตู ุนูู ููุชุฌุงุช HAIROTICMEN ูุฌุงููุง!,ุณุฌูู ุนุจุฑ ูููุนูุง ูุงุจุฏุฃ ูู ุฌูุน ุงูููุงุท ููุฏุงูุง ุญููููุฉ. ูุง ุชูููุช ุงููุฑุตุฉ!,#ุชุณุฌูู_ูุจูุฑ #ูุฏูุฉ_ูุฌุงููุฉ #HAIROTICMEN #ุฃููุงููุง #ุจุฑููู,ุณุฌูู ุงูุขู ุนุจุฑ: https://hairoticmen.de/mission,ุตูุฑุฉ / ููุฏูู / Reels,"Instagram, Facebook, TikTok"
2025-05-05,ููุฑุฌุงู ููุท: ุงูุนูุงูุฉ ูุด ุฑูุงููุฉุ ุจู ุฃุณููุจ ุญูุงุฉ ๐ง,ููุชุฌุงุชูุง ูุตููุฉ ุฎุตูุตูุง ููุฑุฌู ุงูุนุตุฑู โ ุทุจูุนูุ ูุฎูุ ุฃููุงูู.,#HAIROCARE #ุงูุนูุงูุฉ_ุงููุญูุฉ #ููุฑุฌุงู_ููุท #ุณุชุงููู_ุฑุฌููู,ุณุฌูู ุงูุขู ุนุจุฑ: https://hairoticmen.de/mission,ุตูุฑุฉ / ููุฏูู / Reels,"Instagram, Facebook, TikTok"
2025-05-07,ูู ููุฒุนูุง ุฑุณูููุง ูุนูุงูุฉ HAIROTICMEN ูุงุจุฏุฃ ุงูุฑุจุญ ูู ุงูููู!,ูู ุฃูู ุชุงุฌุฑ ูุนูุง. ุฃุณุนุงุฑ ุฎุงุตุฉุ ููุญุฉ ุชุญูู ุงุญุชุฑุงููุฉุ ุฏุนู ุฏุงุฆู.,#ูู_ุชุงุฌุฑ #ููุฒุน_ูุนุชูุฏ #ููุชุฌุงุช_ุฃููุงููุฉ #ุงูุฑุจุญ_ูู_ุงูุจูุน,ุณุฌูู ุงูุขู ุนุจุฑ: https://hairoticmen.de/mission,ุตูุฑุฉ / ููุฏูู / Reels,"Instagram, Facebook, TikTok"
2025-05-09,ูุงูุฑูุชูููู ููุณุช ูุฌุฑุฏ ููุชุฌุงุช... ุฅููุง ุชุฌุฑุจุฉ ูุงุฎุฑุฉ โจ,ูุงูุฑูุชูููู = ุฌูุฏุฉ ุฃูุฑูุจูุฉ ร ุชุตููู ุฃููู ร ููููุงุช ุทุจูุนูุฉ.,#ุฃูุงูุฉ_ุฑุฌูููุฉ #ุณุชุงููู_ูุงุฎุฑ #ุทุจูุนู_100ูช #ูุฎุงูุฉ_ุฃููุงููุฉ,ุณุฌูู ุงูุขู ุนุจุฑ: https://hairoticmen.de/mission,ุตูุฑุฉ / ููุฏูู / Reels,"Instagram, Facebook, TikTok"
2025-05-11,ุชุนุฑูู ุนูู ุฒูุช ุงููุญูุฉ ุงูุทุจูุนู ๐ง | ููุฉ ูุชุฃูู ุทุจูุนู,ุฒูุช ุงููุญูุฉ ุงูุฎุงุต ุจูุง ูุบุฐูุ ูููุนุ ููููู ุงูุดุนุฑ ูู ุงูุฌุฐูุฑ.,#ุฒูุช_ุงููุญูุฉ #ุงููุญูุฉ_ุงูุฃูููุฉ #ููููุงุช_ุทุจูุนูุฉ #ุฑุฌู_ุฃููู,ุณุฌูู ุงูุขู ุนุจุฑ: https://hairoticmen.de/mission,ุตูุฑุฉ / ููุฏูู / Reels,"Instagram, Facebook, TikTok"
2025-05-13,ุตุงูููู + ููุชุฌุงุชูุง = ุณุชุงูุฏ ูุฌุงูู + ุฃุฑุจุงุญ ุฏุงุฆูุฉ ๐,ุณุฌูู ูุตุงููู ุฃู ุจุงุฑุจุฑ ุดูุจ ูุงุณุชูู ุณุชุงูุฏ ูุฌุงููุง + ูุฏุงูุง ูุงุฎุฑุฉ.,#ุตุงููู #ุจุงุฑุจุฑุดูุจ #ุณุชุงูุฏ_ูุฌุงูู #ููุชุฌุงุช_ููุตุงูููุงุช,ุณุฌูู ุงูุขู ุนุจุฑ: https://hairoticmen.de/mission,ุตูุฑุฉ / ููุฏูู / Reels,"Instagram, Facebook, TikTok"
2025-05-15,ุดุงุฑูุ ุนูููุ ูุณุฌููโฆ ูุงุฑุจุญ ูุฌููุนุฉ ูุงุฎุฑุฉ ูู HAIROTICMEN ๐ฅ,ูู ุชูุงุนู ูู ูููุฉ. ุฃูุฌุฒ ุงูููุงู ูุงุญุตู ุนูู ููุชุฌ ูุฌุงูู ููู ุงูุฅุทูุงู!,#ุงุฌูุน_ุงูููุงุท #ุงุฑุจุญ_ููุชุฌุงุช #ุจุฑููู #ูุดุงุฑูุฉ #ุชุนููู,ุณุฌูู ุงูุขู ุนุจุฑ: https://hairoticmen.de/mission,ุตูุฑุฉ / ููุฏูู / Reels,"Instagram, Facebook, TikTok"
2025-05-17,ููู ุงููุณูููู: ูุธุงู ุนูููุงุช ุฐูู + ููุงุท + ูุฏุงูุง ๐ฏ,ุณุฌูู ูู ุจุฑูุงูุฌ ุงูุชุณููู ุจุงูุนูููุฉ ูุงุจุฏุฃ ุจุงูุฑุจุญ ูุน ูู ุฅุญุงูุฉ.,#ูุณูููู #ุฑุจุญ_ุฐูู #ุนูููุงุช #ููุงุท_ููุงุก #ุงูุชุณููู_ุจุงูุนูููุฉ,ุณุฌูู ุงูุขู ุนุจุฑ: https://hairoticmen.de/mission,ุตูุฑุฉ / ููุฏูู / Reels,"Instagram, Facebook, TikTok"
2025-05-19,ููุชุฌุงุชูุง ุญุงุตูุฉ ุนูู ุดูุงุฏุงุช ุฃูุฑูุจูุฉ โ ุฌูุฏุฉ ุชุณุชุญููุง ๐,ูุญู ูุนุชูุฏูู ุฃูุฑูุจููุง. ุขููุ ุทุจูุนูุ ูุงุฆู ุงูุฌูุฏุฉ. ุฌุฑูุจ ุงููุฑู.,#ุดูุงุฏุงุช_ุฌูุฏุฉ #ISO #ููุชุฌุงุช_ุขููุฉ #ุตูุน_ูู_ุฃููุงููุง,ุณุฌูู ุงูุขู ุนุจุฑ: https://hairoticmen.de/mission,ุตูุฑุฉ / ููุฏูู / Reels,"Instagram, Facebook, TikTok"
2025-05-21,01.06.2025 โ ููู ุฅุทูุงู HAIROTICMEN ุฑุณูููุง ูู ุฃููุงููุง! ๐ฅ,ููู ุงูุฅุทูุงู ููุชุฑุจ... ุชุงุจุน ุงูุนุฏ ุงูุชูุงุฒูู ููู ุฃูู ูู ูุณุชูู ูุฏูุชู!,#ุนุฏ_ุชูุงุฒูู #ุงุทูุงู_ุฑุณูู #HAIROTICMEN_2025 #ููู_ุงููุงูุฑูุชูููู,ุณุฌูู ุงูุขู ุนุจุฑ: https://hairoticmen.de/mission,ุตูุฑุฉ / ููุฏูู / Reels,"Instagram, Facebook, TikTok"
2025-05-23,ุงุฏุฎู ุงูุขู ุฅูู ุนุงูู ุงูุฃูุงูุฉ ุงูุฑุฌูููุฉ ูุน HAIROTICMEN ๐ฟ๐ค,ุงุจุฏุฃ ุฑุญูุชู ุงูุฑุฌูููุฉ ุงูุขู. ุชุณุฌููู ูู ุฎุทูุชู ุงูุฃููู.,#ุฑุฌููุฉ #ุณุชุงููู #ุฃูุงูุชู #ุงุจุฏุฃ_ุงูุขู #ุชุฌุฑุจุฉ_ูุงุฎุฑุฉ,ุณุฌูู ุงูุขู ุนุจุฑ: https://hairoticmen.de/mission,ุตูุฑุฉ / ููุฏูู / Reels,"Instagram, Facebook, TikTok"
