ุงูุชุงุฑูุฎ,ุงูููู,ููุน ุงูููุดูุฑ,ุนููุงู ุงูููุดูุฑ,ุงููุงุดุชุงุบุงุช,CTA,ุงูููุตุฉ
2025-05-01,Thursday,ุชุดูููู ููุฏูู (Reel),๐ค ูุง ุดูุก ุฃููู ูู ุงูุฑุฌูโฆ ุฅูุง ุฃุณููุจู (ุชุดููู ุจุตุฑู),#ูุงููุฑูุชู #ุจุฑููู #ูุญูุชู_ูุณุคูููุชูุง #ุนูุงูุฉ_ุฑุฌุงููุฉ #ููุชุฌ_ุฃููุงูู #ูุธุงู_ููุงุท #ุตุงูููุงุช #ุชุณูู_ุฐูู #HAIROTICMEN,ุณุฌูู ุงูุขู ุนุจุฑ: https://hairoticmen.de/mission,"Instagram, Facebook, TikTok"
2025-05-02,Friday,ุฏุนูุฉ ูููุณุชุฎุฏู,๐ ุงูุถู ูู ูุณุชุฎุฏู ูุชูุชุน ุจููุงุท ููุฏูุฉ ูุฌุงููุฉ,#ูุงููุฑูุชู #ุจุฑููู #ูุญูุชู_ูุณุคูููุชูุง #ุนูุงูุฉ_ุฑุฌุงููุฉ #ููุชุฌ_ุฃููุงูู #ูุธุงู_ููุงุท #ุตุงูููุงุช #ุชุณูู_ุฐูู #HAIROTICMEN,ุณุฌูู ุงูุขู ุนุจุฑ: https://hairoticmen.de/mission,"Instagram, Facebook, TikTok"
2025-05-03,Saturday,ุฏุนูุฉ ูุตุงุญุจ ุตุงููู,๐ ูู ุฃูุช ุตุงุญุจ ุตุงููู ุฃู ุญูุงูุ ูุฐุง ุงูุนุฑุถ ูู!,#ูุงููุฑูุชู #ุจุฑููู #ูุญูุชู_ูุณุคูููุชูุง #ุนูุงูุฉ_ุฑุฌุงููุฉ #ููุชุฌ_ุฃููุงูู #ูุธุงู_ููุงุท #ุตุงูููุงุช #ุชุณูู_ุฐูู #HAIROTICMEN,ุณุฌูู ุงูุขู ุนุจุฑ: https://hairoticmen.de/mission,"Instagram, Facebook, TikTok"
2025-05-04,Sunday,ุนุฑุถ ููุชุฌ + ูููุฉ,๐ ุฒูุช ุงููุญูุฉ ูู HAIROTICMEN โ ุชุฑููุจุฉ ูุงุฎุฑุฉ ุจุฌูุฏุฉ ุฃููุงููุฉ,#ูุงููุฑูุชู #ุจุฑููู #ูุญูุชู_ูุณุคูููุชูุง #ุนูุงูุฉ_ุฑุฌุงููุฉ #ููุชุฌ_ุฃููุงูู #ูุธุงู_ููุงุท #ุตุงูููุงุช #ุชุณูู_ุฐูู #HAIROTICMEN,ุณุฌูู ุงูุขู ุนุจุฑ: https://hairoticmen.de/mission,"Instagram, Facebook, TikTok"
2025-05-05,Monday,ุฏุนูุฉ ูููุณูููู,๐ ุดุงุฑู ูุงุฑุจุญ โ ุณุฌู ูู ูุณููู ุจุงูุนูููุฉ ุงูููู,#ูุงููุฑูุชู #ุจุฑููู #ูุญูุชู_ูุณุคูููุชูุง #ุนูุงูุฉ_ุฑุฌุงููุฉ #ููุชุฌ_ุฃููุงูู #ูุธุงู_ููุงุท #ุตุงูููุงุช #ุชุณูู_ุฐูู #HAIROTICMEN,ุณุฌูู ุงูุขู ุนุจุฑ: https://hairoticmen.de/mission,"Instagram, Facebook, TikTok"
2025-05-06,Tuesday,ุนุฑุถ ุงูุดูุงุฏุงุช,๐ ููุชุฌุงุชูุง ุญุงุตูุฉ ุนูู ISO ููุฎุชุจุฑุฉ ุทุจููุง,#ูุงููุฑูุชู #ุจุฑููู #ูุญูุชู_ูุณุคูููุชูุง #ุนูุงูุฉ_ุฑุฌุงููุฉ #ููุชุฌ_ุฃููุงูู #ูุธุงู_ููุงุท #ุตุงูููุงุช #ุชุณูู_ุฐูู #HAIROTICMEN,ุณุฌูู ุงูุขู ุนุจุฑ: https://hairoticmen.de/mission,"Instagram, Facebook, TikTok"
2025-05-07,Wednesday,ุฏุนูุฉ ููุชุฌุงุฑ,๐ผ ุชุงุฌุฑุ ุฅููู ูุฑุตุฉ ุงูุชูุฒูุน ุงูุฐูู ูุน HAIROTICMEN,#ูุงููุฑูุชู #ุจุฑููู #ูุญูุชู_ูุณุคูููุชูุง #ุนูุงูุฉ_ุฑุฌุงููุฉ #ููุชุฌ_ุฃููุงูู #ูุธุงู_ููุงุท #ุตุงูููุงุช #ุชุณูู_ุฐูู #HAIROTICMEN,ุณุฌูู ุงูุขู ุนุจุฑ: https://hairoticmen.de/mission,"Instagram, Facebook, TikTok"
2025-05-08,Thursday,ุนุฑุถ ุณุฑูุน + ููุงุท,๐ฅ ุณุฑู ุตุบูุฑ ุจูููุงโฆ (ุนุฑุถ ูุญุฏูุฏ 48 ุณุงุนุฉ),#ูุงููุฑูุชู #ุจุฑููู #ูุญูุชู_ูุณุคูููุชูุง #ุนูุงูุฉ_ุฑุฌุงููุฉ #ููุชุฌ_ุฃููุงูู #ูุธุงู_ููุงุท #ุตุงูููุงุช #ุชุณูู_ุฐูู #HAIROTICMEN,ุณุฌูู ุงูุขู ุนุจุฑ: https://hairoticmen.de/mission,"Instagram, Facebook, TikTok"
2025-05-09,Friday,ูููุฉ ุชูุงุนููุฉ,๐ฎ HAIRO QUEST โ ุงุจุฏุฃ ุฃูู ูููุฉ ูุงุฌูุน ุงูููุงุท,#ูุงููุฑูุชู #ุจุฑููู #ูุญูุชู_ูุณุคูููุชูุง #ุนูุงูุฉ_ุฑุฌุงููุฉ #ููุชุฌ_ุฃููุงูู #ูุธุงู_ููุงุท #ุตุงูููุงุช #ุชุณูู_ุฐูู #HAIROTICMEN,ุณุฌูู ุงูุขู ุนุจุฑ: https://hairoticmen.de/mission,"Instagram, Facebook, TikTok"
2025-05-10,Saturday,ูุธุงู ุงูููุงุก,๐ ูู ูุณุชูู ูุตูุชุ ุงูุชุญ ุนุถููุชู ุงูุญุตุฑูุฉ ุงูุขู,#ูุงููุฑูุชู #ุจุฑููู #ูุญูุชู_ูุณุคูููุชูุง #ุนูุงูุฉ_ุฑุฌุงููุฉ #ููุชุฌ_ุฃููุงูู #ูุธุงู_ููุงุท #ุตุงูููุงุช #ุชุณูู_ุฐูู #HAIROTICMEN,ุณุฌูู ุงูุขู ุนุจุฑ: https://hairoticmen.de/mission,"Instagram, Facebook, TikTok"
2025-05-11,Sunday,ุนุฑุถ ููุญุฉ ุงููุณุชุฎุฏู,๐ง ุงููููุน ุงูุฐู ููุงูุฆู โ ุชุณูู ูุฃูู VIP,#ูุงููุฑูุชู #ุจุฑููู #ูุญูุชู_ูุณุคูููุชูุง #ุนูุงูุฉ_ุฑุฌุงููุฉ #ููุชุฌ_ุฃููุงูู #ูุธุงู_ููุงุท #ุตุงูููุงุช #ุชุณูู_ุฐูู #HAIROTICMEN,ุณุฌูู ุงูุขู ุนุจุฑ: https://hairoticmen.de/mission,"Instagram, Facebook, TikTok"
2025-05-12,Monday,Reel ุงููููุน,๐ฅ Reels: ููุฐุง ุชุจุฏู ุชุฌุฑุจุฉ ุงููุณุชุฎุฏู ุฏุงุฎู ุงููููุน ุงูุฐูู,#ูุงููุฑูุชู #ุจุฑููู #ูุญูุชู_ูุณุคูููุชูุง #ุนูุงูุฉ_ุฑุฌุงููุฉ #ููุชุฌ_ุฃููุงูู #ูุธุงู_ููุงุท #ุตุงูููุงุช #ุชุณูู_ุฐูู #HAIROTICMEN,ุณุฌูู ุงูุขู ุนุจุฑ: https://hairoticmen.de/mission,"Instagram, Facebook, TikTok"
